,time_partial,time_full,sample_size,batch_size
0,0.16054733991622924,0.29141810337702434,256,64
1,0.10365468660990397,0.23350773255030313,256,128
2,0.07427648703257243,0.24412522315979004,256,256
3,0.5655565937360127,0.9997735977172851,1024,64
4,0.3500522255897522,0.6132550438245138,1024,128
5,0.3681809743245443,0.7858991463979085,1024,256
6,3.3670801877975465,6.145957012971242,4096,64
7,2.007082947095235,3.548505926132202,4096,128
8,1.497062349319458,2.1800522724787395,4096,256
