,full_model,partial_model,seed
0,11.052144944667816,6.391873852411906,1729
1,11.130134344100952,6.425629591941833,9
2,11.189683902263642,6.447719093163808,83
3,11.261143052577973,6.450268447399139,689
4,11.253559195995331,6.466639308134715,251
5,11.237302287419636,6.485233430067698,558
6,11.255508196353912,6.4748274207115175,12
7,11.29398074944814,6.4849567890167235,5692
8,11.336192226409912,6.499051304658254,23
9,11.22578010559082,6.496115338802338,7
